{"cameraMode":{"drawMode":0,"name":"Shaded","section":"Shading Mode"},"sceneLighting":true,"audioPlay":false,"sceneViewState":{"showFog":true,"showMaterialUpdate":false,"showSkybox":true,"showFlares":true,"showImageEffects":true,"showParticleSystems":true},"in2DMode":false,"pivot":{"x":-0.26133960485458376,"y":0.7425848841667175,"z":-0.14913105964660645},"rotation":{"x":0.00152237166184932,"y":0.9964210391044617,"z":-0.08270237594842911,"w":0.01823611930012703},"size":0.90739506483078,"orthographic":false}